1,Corene,Eggen,Corene.Eggen@landregistry.gsi.gov.uk,Edmundo,Maricruz
2,Fanny,Petzold,Fanny.Petzold@landregistry.gsi.gov.uk,Jacqui,Miriam
3,Shante,Comiskey,Shante.Comiskey@landregistry.gsi.gov.uk,Brittanie,Emeline
4,Bobbi,Brown,Bobbi.Brown@landregistry.gsi.gov.uk,Truman,Tashia
5,Filiberto,Minich,Filiberto.Minich@landregistry.gsi.gov.uk,Cathey,Roseline
6,Dirk,Aleisha,Dirk.Aleisha@landregistry.gsi.gov.uk,Marvin,Misha
7,Devorah,Kraig,Devorah.Kraig@landregistry.gsi.gov.uk,Carmelita,Cary
8,Thurman,Jamaal,Thurman.Jamaal@landregistry.gsi.gov.uk,Ed,Wilbur
9,Francesca,Nam,Francesca.Nam@landregistry.gsi.gov.uk,Roosevelt,Jorge
10,Maranda,Caron,Maranda.Caron@landregistry.gsi.gov.uk,Michelina,Jones